VerticeArr,EdgeArr,TimeAdjMatrix,TimeAdjList,
100,103,248,72,
100,111,155,54,
100,113,685,164,
100,117,587,137,
100,117,221,75,
100,120,401,121,
100,122,2914,607,
100,127,339,101,
100,131,1155,243,
100,132,2388,493,
100,134,166,58,
100,135,326,92,
100,139,5928,1300,
100,141,197,67,
100,142,229,69,
100,146,1150,234,
100,149,222,77,
100,161,196,67,
100,164,4748,1276,
100,177,7787,2100,
100,178,4496,895,
100,181,7754,1972,
100,182,7673,2096,
100,183,7724,2135,
100,186,8051,2037,
100,192,8865,2162,
100,193,200,73,
100,193,9097,2427,
100,195,8302,2264,
100,201,6756,2111,
100,202,8647,2882,
100,209,9409,2940,
100,214,9042,2813,
100,221,8522,2388,
100,221,9202,2865,
100,222,9299,2830,
100,240,10150,3579,
100,240,14691,4962,
100,252,9527,3791,
100,255,9419,3029,
100,255,9698,3280,
100,258,8738,2900,
100,260,9126,3166,
100,262,9648,3123,
100,272,11556,4089,
100,274,9927,3551,
100,282,9102,3250,
100,286,10015,3604,
100,287,9593,3446,
100,290,9971,3788,
100,292,9517,3561,
100,295,10533,3629,
100,297,9777,3406,
100,305,9740,3711,
100,305,9460,3589,
100,307,9517,3547,
100,309,9392,3479,
100,315,9674,3595,
100,316,176,55,
100,323,9911,3801,
100,329,9639,3932,
100,331,10031,3643,
100,334,12950,5301,
100,336,9751,3894,
100,339,12013,5020,
100,340,9883,3902,
100,341,9961,4062,
100,344,9789,4082,
100,344,10327,4258,
100,345,9945,4046,
100,348,10461,4374,
100,350,10296,4693,
100,352,9519,3976,
100,355,9609,3902,
100,358,9881,4293,
100,361,10700,4273,
100,362,9709,3948,
100,372,9919,4587,
100,376,10120,3952,
100,377,10045,4527,
100,379,9991,4013,
100,388,10085,4375,
100,399,10366,4586,
100,400,10431,4552,
100,407,10411,4631,
100,407,10206,4629,
100,408,10453,5206,
100,417,10030,4954,
100,419,10148,4468,
100,419,10269,4431,
100,423,10048,4826,
100,431,10519,4931,
100,433,10606,11861,
100,436,10365,5769,
100,440,10606,5000,
100,441,10136,4789,
100,451,10018,4857,
100,452,10414,5365,
100,452,10248,5060,
100,457,9946,5115,
100,459,10537,4855,
100,466,10256,4638,
100,475,9978,5340,
100,477,10170,5354,
100,480,10064,5187,
100,480,10193,5237,
100,484,10602,5845,
100,487,10253,5123,
100,489,10158,5192,
100,489,10057,5169,
100,489,9972,5000,
100,494,10252,5104,
100,502,10206,5421,
100,504,10020,5871,
100,513,9940,5531,
100,515,11853,6505,
100,521,10241,5417,
100,527,10204,5510,
100,528,10334,5676,
100,531,10079,5530,
100,532,9993,5876,
100,537,10241,5725,
100,540,10509,5804,
100,540,17879,10398,
100,542,10212,6578,
100,545,10563,6061,
100,550,10338,5500,
100,552,10302,5763,
100,552,10590,5904,
100,559,10424,6747,
100,566,10503,6193,
100,566,10168,5799,
100,574,10424,5755,
100,576,10649,6108,
100,576,10417,6211,
100,579,10458,6093,
100,580,10569,6051,
100,581,10577,6256,
100,581,10380,6322,
100,584,10240,5899,
100,594,10400,6082,
100,597,10272,6430,
100,604,10271,5935,
100,605,10422,6221,
100,611,10528,7318,
100,613,10511,5900,
100,617,10100,5929,
100,620,13108,7979,
100,620,10616,6292,
100,625,10339,6052,
100,626,10271,6063,
100,629,10442,7012,
100,630,10483,6488,
100,630,10364,6554,
100,634,10410,6604,
100,637,11076,6765,
100,644,10272,6099,
100,655,10496,6357,
100,669,10186,6707,
100,670,10134,6911,
100,677,10482,6960,
100,678,10272,6215,
100,682,10205,6816,
100,689,11131,7789,
100,689,10390,6531,
100,691,10554,6730,
100,694,10225,7039,
100,708,10246,7020,
100,711,10620,6787,
100,718,10490,7268,
100,719,10417,7026,
100,720,10673,7627,
100,720,10483,6772,
100,722,10388,7076,
100,723,10185,7299,
100,723,10315,6871,
100,732,10343,7048,
100,732,10698,7972,
100,734,10282,7286,
100,736,10727,7231,
100,737,10317,7371,
100,742,10011,7059,
100,744,10529,7141,
100,752,10560,7737,
100,757,10484,7664,
100,766,10932,7175,
100,770,11054,8126,
100,771,10558,7024,
100,773,11037,7579,
100,777,10948,7831,
100,778,10521,8131,
100,779,10788,7743,
100,781,10874,7691,
100,781,11086,8003,
100,784,10562,7234,
100,785,10348,7500,
100,789,10390,7231,
100,797,10655,8315,
100,799,10326,7306,
100,800,11105,7559,
100,802,10491,7714,
100,809,10643,8038,
100,813,10421,7940,
100,816,11145,8023,
100,819,10549,7773,
100,823,10487,7796,
100,835,10458,7796,
100,836,10756,8275,
100,837,10909,8444,
100,841,10503,8233,
100,845,10478,8006,
100,847,10569,8132,
100,854,10553,8387,
100,856,10706,7577,
100,868,10696,8481,
100,869,10610,8772,
100,869,10734,8074,
100,873,10534,8010,
100,883,10518,8281,
100,883,10652,7528,
100,885,11128,8379,
100,889,10612,8297,
100,890,10307,8284,
100,902,11612,9639,
100,902,10605,8477,
100,905,10818,8576,
100,912,10626,8351,
100,913,10456,8101,
100,921,10799,8732,
100,922,10772,8688,
100,924,10335,8393,
100,925,10727,8333,
100,948,10615,8765,
100,949,11190,8880,
100,959,10779,9617,
100,963,10507,8698,
100,967,10731,8493,
100,969,10699,8381,
100,969,10847,9417,
100,970,10440,8720,
100,973,11158,10224,
100,974,10490,8759,
100,975,11003,9542,
100,976,10611,8652,
100,978,10774,8780,
100,982,10734,8962,
100,999,10812,9531,
100,1012,10703,9140,
100,1014,10751,9196,
100,1019,10660,9000,
100,1022,10586,9250,
100,1022,10641,9947,
100,1025,10849,9699,
100,1026,10878,9256,
100,1027,10621,9067,
100,1032,10482,9133,
100,1033,11656,9992,
100,1037,10905,8954,
100,1049,11090,9648,
100,1050,10714,9443,
100,1053,10701,9503,
100,1061,10427,9206,
100,1063,10635,9222,
100,1070,10721,8531,
100,1071,10841,10549,
100,1071,10701,9547,
100,1072,10841,9604,
100,1084,11141,10031,
100,1088,10823,9750,
100,1094,10718,9333,
100,1095,10565,9440,
100,1096,10612,9009,
100,1100,10664,10506,
100,1103,10802,9658,
100,1112,10668,9686,
100,1116,11040,9994,
100,1117,10763,9693,
100,1119,11052,9497,
100,1123,10651,10235,
100,1129,10965,9987,
100,1140,12079,11914,
100,1142,11062,9953,
100,1143,10830,10104,
100,1144,10880,10303,
100,1153,10871,10557,
100,1156,10964,10437,
100,1160,10779,10445,
100,1163,10726,9802,
100,1176,10599,9765,
100,1188,10843,10108,
100,1190,10630,10476,
100,1191,10707,10350,
100,1192,10955,10919,
100,1194,10851,10673,
100,1196,10888,10403,
100,1201,10993,10359,
100,1204,11069,10836,
100,1213,11088,10759,
100,1215,10919,10064,
100,1216,10625,9976,
100,1217,10897,10429,
100,1219,10864,10744,
100,1220,10670,10175,
100,1232,10905,9954,
100,1234,10775,10073,
100,1236,10994,10484,
100,1245,11303,11368,
100,1248,10889,10398,
100,1276,10812,10973,
100,1280,11095,11261,
100,1280,10749,11443,
100,1281,10886,10541,
100,1282,10873,10886,
100,1293,11305,11267,
100,1295,11084,10509,
100,1306,11127,10677,
100,1306,10767,10756,
100,1307,10931,10826,
100,1311,10801,10558,
100,1313,10725,10369,
100,1314,10778,11170,
100,1317,10790,10978,
100,1319,10971,11550,
100,1341,11067,11152,
100,1347,10939,11372,
100,1352,11139,11042,
100,1352,11262,12177,
100,1353,11135,11604,
100,1353,10618,10888,
100,1364,10911,11765,
100,1368,10775,11008,
100,1372,10770,11320,
100,1377,11534,12162,
100,1380,11094,11306,
100,1382,11012,11090,
100,1383,11023,11585,
100,1400,11100,12057,
100,1400,11045,11751,
100,1403,11023,11353,
100,1404,10896,11107,
100,1417,11081,11901,
100,1428,11069,11708,
100,1433,11171,11461,
100,1435,11348,11579,
100,1439,10993,12169,
100,1445,11746,12983,
100,1449,11168,11676,
100,1451,10779,11817,
100,1457,11093,11365,
100,1460,11108,12619,
100,1465,11019,11595,
100,1466,11055,12227,
100,1470,12282,12196,
100,1472,12256,13222,
100,1474,11019,12243,
100,1481,11152,12712,
100,1483,10882,11934,
100,1492,11734,12873,
100,1492,11232,11846,
100,1499,11322,13290,
100,1499,11259,11989,
100,1504,11225,13014,
100,1519,11247,12565,
100,1522,10720,11545,
100,1522,11178,11834,
100,1525,11088,12477,
100,1537,11124,12566,
100,1540,11312,12604,
100,1543,10852,12953,
100,1544,11339,13020,
100,1548,11383,13137,
100,1549,11293,12924,
100,1561,10922,12829,
100,1564,11076,12722,
100,1564,11055,12918,
100,1565,11320,12659,
100,1567,11387,12696,
100,1569,11027,12452,
100,1569,13461,15657,
100,1570,11165,12438,
100,1577,11206,12870,
100,1583,11306,12825,
100,1585,11202,12371,
100,1585,11360,12397,
100,1589,11476,13367,
100,1591,11078,12297,
100,1592,11119,12320,
100,1599,11236,13140,
100,1610,12244,14391,
100,1617,10808,12600,
100,1618,10950,12889,
100,1621,11593,13025,
100,1627,11446,13703,
100,1628,11204,12877,
100,1631,11936,13968,
100,1631,11558,13242,
100,1633,11424,12830,
100,1635,11344,13463,
100,1650,11001,13070,
100,1651,11363,13588,
100,1658,11160,13682,
100,1664,11235,13586,
100,1667,11104,13342,
100,1667,11065,13527,
100,1669,11542,13438,
100,1677,11263,13710,
100,1679,11480,13167,
100,1690,11069,13220,
100,1691,12092,14132,
100,1692,11081,13232,
100,1694,12131,14767,
100,1695,11092,13030,
100,1703,11348,13615,
100,1703,11306,13220,
100,1707,11289,13972,
100,1709,11154,13574,
100,1716,12446,14728,
100,1718,12484,15083,
100,1721,11395,13179,
100,1732,11126,12923,
100,1732,11494,13499,
100,1740,11197,12978,
100,1744,11252,14975,
100,1747,10981,13176,
100,1749,11285,13098,
100,1750,11865,17559,
100,1751,11564,15028,
100,1757,11440,13579,
100,1759,11567,13881,
100,1767,11311,14382,
100,1769,11608,14001,
100,1789,11268,14148,
100,1794,11359,14120,
100,1798,11349,14085,
100,1800,13060,17154,
100,1812,11142,14006,
100,1813,11413,14098,
100,1815,11377,13351,
100,1817,11511,14179,
100,1818,11439,13624,
100,1822,11289,13498,
100,1822,11340,13834,
100,1823,11116,13731,
100,1824,11194,13892,
100,1824,11374,14202,
100,1830,11240,14494,
100,1852,11568,14786,
100,1861,11915,15010,
100,1865,11242,13520,
100,1866,11637,14353,
100,1867,11339,14879,
100,1878,11444,14574,
100,1881,11305,14664,
100,1883,12024,14816,
100,1888,11341,14653,
100,1897,11651,15316,
100,1901,11774,15484,
100,1909,11352,14614,
100,1909,11160,14807,
100,1910,11221,13771,
100,1911,11232,13337,
100,1921,11271,13845,
100,1922,11200,14944,
100,1923,11466,14288,
100,1925,11298,14466,
100,1930,11320,15080,
100,1932,11214,14125,
100,1937,11835,14552,
100,1938,11209,13960,
100,1940,11256,14487,
100,1945,11491,14831,
100,1953,11540,14461,
100,1955,11506,14606,
100,1955,11503,14844,
100,1956,11408,15299,
100,1958,11403,14466,
100,1962,11353,14940,
100,1972,11324,15465,
100,1974,11476,15786,
100,1974,12028,15943,
100,1975,11391,15458,
100,1977,11277,15054,
100,1977,11478,14837,
100,1980,11528,15396,
100,1987,11258,14728,
100,1987,11691,14930,
100,1988,11683,14863,
100,1989,11242,14418,
100,2001,12054,16299,
100,2002,11842,15591,
100,2005,11652,15828,
100,2015,11378,16130,
100,2018,11586,15536,
100,2019,11663,15856,
100,2020,11603,15463,
100,2020,11307,14568,
100,2022,11415,15793,
100,2028,11787,16139,
100,2032,11441,15623,
100,2033,11306,15557,
100,2034,11261,15210,
100,2040,12195,16182,
100,2044,11430,14907,
100,2046,11771,15506,
100,2047,11575,15516,
100,2047,11552,15657,
100,2049,11740,14938,
100,2060,11876,15875,
100,2069,11755,15454,
100,2073,12048,16703,
100,2094,11904,19119,
100,2101,11824,16886,
100,2103,11802,16253,
100,2113,11706,15730,
100,2115,11728,15501,
100,2123,11649,15764,
100,2125,11850,16141,
100,2128,11772,14969,
100,2133,11758,15762,
100,2139,11504,15609,
100,2140,11948,16565,
100,2142,11627,16211,
100,2142,11574,15772,
100,2147,11511,16526,
100,2153,11485,16335,
100,2154,11634,15615,
100,2154,11776,15873,
100,2156,11406,15127,
100,2159,12045,16608,
100,2159,11336,15790,
100,2162,11910,16335,
100,2166,11681,15998,
100,2167,12006,17365,
100,2168,11524,16270,
100,2182,11694,15995,
100,2183,11452,16099,
100,2189,11567,16299,
100,2197,11917,16743,
100,2204,11731,16837,
100,2205,11578,16346,
100,2206,11897,16920,
100,2209,11935,15945,
100,2226,11933,17058,
100,2227,11573,16525,
100,2235,11901,17308,
100,2236,11898,16473,
100,2237,11595,15719,
100,2246,11797,16962,
100,2247,11903,17096,
100,2250,11523,16679,
100,2251,11567,16751,
100,2253,11713,16753,
100,2254,11798,17198,
100,2263,11676,16808,
100,2271,11732,16054,
100,2272,11865,17480,
100,2280,11444,17432,
100,2282,11708,16932,
100,2284,12006,18129,
100,2290,11642,16695,
100,2292,11604,17661,
100,2296,11641,16734,
100,2304,11735,16242,
100,2312,12107,18333,
100,2312,11765,17241,
100,2313,11593,16401,
100,2317,11915,17254,
100,2319,11733,16725,
100,2325,11701,17018,
100,2327,11661,18030,
100,2332,11847,17139,
100,2342,11898,17564,
100,2347,11860,17038,
100,2352,11552,17199,
100,2358,11569,16699,
100,2359,11900,17465,
100,2363,11808,18004,
100,2364,11482,16708,
100,2367,11836,17300,
100,2377,11720,16763,
100,2380,11996,16890,
100,2380,11793,17439,
100,2382,12083,17671,
100,2382,11722,17533,
100,2385,11893,17644,
100,2386,11681,17247,
100,2389,11979,17493,
100,2391,11548,17183,
100,2393,11959,18329,
100,2393,11722,17394,
100,2400,11955,18299,
100,2402,12675,17901,
100,2403,11853,18405,
100,2406,11818,18591,
100,2410,11705,17497,
100,2410,12032,17748,
100,2414,12841,18391,
100,2419,11751,17277,
100,2421,11867,18043,
100,2435,11820,17939,
100,2445,11919,17847,
100,2449,11846,18649,
100,2462,11924,17968,
100,2462,11886,17384,
100,2465,11739,18495,
100,2473,11707,17712,
100,2477,11663,17027,
100,2489,12052,18106,
100,2490,11782,17547,
100,2495,12132,18757,
100,2496,12479,17859,
100,2509,11967,17750,
100,2511,11832,17373,
100,2522,12020,18492,
100,2523,11542,17246,
100,2535,11759,18450,
100,2541,11778,17751,
100,2543,11757,18916,
100,2555,12852,19859,
100,2555,12760,19940,
100,2562,11868,16574,
100,2565,11704,17796,
100,2567,12219,19311,
100,2569,12221,20798,
100,2570,11861,17671,
100,2571,11982,18637,
100,2571,12133,19480,
100,2574,11755,17702,
100,2586,11857,18574,
100,2588,12194,18815,
100,2588,11969,18541,
100,2591,11889,18105,
100,2592,11656,18330,
100,2596,11647,18343,
100,2599,12186,17214,
100,2606,11997,18640,
100,2607,12239,18850,
100,2610,11766,18782,
100,2633,12005,19351,
100,2650,12941,21546,
100,2652,11695,18249,
100,2654,12285,19282,
100,2656,12016,18702,
100,2658,11730,18564,
100,2659,12002,18646,
100,2668,11858,19477,
100,2672,11963,19682,
100,2674,12106,18982,
100,2675,11817,18531,
100,2677,12062,18845,
100,2681,12297,20272,
100,2684,12064,18948,
100,2688,12084,19457,
100,2692,11876,18771,
100,2693,11779,19639,
100,2696,12051,19547,
100,2699,12093,19354,
100,2699,12181,19184,
100,2706,12033,19741,
100,2713,12196,21051,
100,2716,11800,19065,
100,2717,12007,19043,
100,2720,12900,20392,
100,2722,12092,18961,
100,2723,12125,19723,
100,2724,11766,20079,
100,2733,12374,23514,
100,2734,12246,18989,
100,2735,12335,21317,
100,2735,12049,18682,
100,2738,13455,22377,
100,2741,12112,19696,
100,2743,12449,20945,
100,2744,11886,20645,
100,2747,11921,20948,
100,2747,12014,20286,
100,2749,12074,19729,
100,2751,12072,19761,
100,2762,12282,19864,
100,2764,11983,18855,
100,2768,12024,20431,
100,2775,11895,18809,
100,2777,12034,21414,
100,2779,12030,19282,
100,2780,12183,19647,
100,2781,11867,19944,
100,2785,12130,23392,
100,2787,12398,20260,
100,2788,12288,19977,
100,2789,12192,20718,
100,2793,11881,20063,
100,2795,11766,21171,
100,2795,12111,19762,
100,2798,13518,22814,
100,2799,12095,18911,
100,2799,12412,20497,
100,2802,12047,20881,
100,2805,12009,19897,
100,2808,11844,18642,
100,2811,11973,20155,
100,2813,12103,19273,
100,2814,11947,19625,
100,2819,12013,20211,
100,2821,12278,20479,
100,2823,13051,21672,
100,2825,12278,21039,
100,2834,12038,20075,
100,2834,11829,19553,
100,2846,12877,21402,
100,2867,12318,20039,
100,2867,12205,20283,
100,2869,12148,19862,
100,2870,12372,19604,
100,2874,13007,21835,
100,2876,11778,20162,
100,2879,12236,20096,
100,2880,12338,21455,
100,2894,12071,20542,
100,2894,12034,21150,
100,2898,12477,20034,
100,2901,12189,19389,
100,2902,12009,20669,
100,2915,12047,20910,
100,2916,12119,20586,
100,2919,12177,19955,
100,2919,12216,20781,
100,2929,12434,21781,
100,2930,11820,19926,
100,2934,12384,21237,
100,2945,12366,21650,
100,2947,11952,19849,
100,2948,12121,20942,
100,2954,12123,20377,
100,2961,12264,20085,
100,2963,13046,22035,
100,2965,12542,21694,
100,2989,11966,21089,
100,2994,12572,21705,
100,2996,12424,22911,
100,2998,12074,19939,
100,3004,15200,29164,
100,3016,12391,20610,
100,3018,12175,21228,
100,3026,12098,21765,
100,3026,12373,22034,
100,3029,12452,21576,
100,3031,12159,20549,
100,3037,12086,21410,
100,3039,12031,20538,
100,3039,11948,20527,
100,3045,12227,19433,
100,3045,12309,22274,
100,3051,12090,21274,
100,3052,12300,21552,
100,3058,12690,24102,
100,3066,12172,21144,
100,3072,12153,21928,
100,3073,12369,20480,
100,3078,12641,22318,
100,3081,13246,23673,
100,3086,12103,21738,
100,3087,14556,24511,
100,3089,13031,23115,
100,3091,13349,23506,
100,3103,12744,21361,
100,3112,12198,22331,
100,3112,12309,22832,
100,3121,12225,21277,
100,3123,12516,21791,
100,3127,12283,23082,
100,3127,12193,21586,
100,3127,12270,22203,
100,3133,12490,21533,
100,3133,12934,23437,
100,3133,12493,21865,
100,3134,12337,21378,
100,3136,12586,22495,
100,3138,12321,22367,
100,3144,12476,21979,
100,3145,12097,21865,
100,3150,12964,21871,
100,3151,12358,22091,
100,3152,12538,21766,
100,3160,12449,21839,
100,3163,12397,23170,
100,3163,12237,22716,
100,3165,12271,21864,
100,3172,12982,23894,
100,3174,12401,22606,
100,3176,12256,21824,
100,3176,12461,21511,
100,3178,12405,21257,
100,3180,12461,22735,
100,3182,12445,22302,
100,3184,12489,23092,
100,3187,12203,23344,
100,3188,12006,23303,
100,3188,13000,24110,
100,3190,12286,22909,
100,3190,14001,25265,
100,3191,12577,22810,
100,3192,12524,24003,
100,3198,12311,21991,
100,3203,12099,21919,
100,3212,13450,23973,
100,3213,12440,23184,
100,3215,12602,21945,
100,3219,12483,22197,
100,3223,12416,22437,
100,3227,12489,22411,
100,3229,12381,22772,
100,3230,13043,24947,
100,3233,12498,23589,
100,3259,12091,22636,
100,3264,12135,23068,
100,3267,12473,22750,
100,3269,12288,22933,
100,3277,12689,22690,
100,3282,12106,23456,
100,3283,13595,22815,
100,3286,12689,23731,
100,3293,12365,23873,
100,3293,12350,22744,
100,3294,12469,22177,
100,3300,12782,24751,
100,3310,12734,24030,
100,3314,12325,23808,
100,3319,12506,25150,
100,3320,12261,25777,
100,3321,12651,24011,
100,3339,14463,26677,
100,3341,12225,22477,
100,3353,12105,23896,
100,3353,12343,23607,
100,3368,12405,22470,
100,3369,12390,23865,
100,3373,12300,23566,
100,3373,12873,25084,
100,3376,13358,25349,
100,3379,12645,25749,
100,3382,12410,24328,
100,3386,12143,24015,
100,3393,12326,22836,
100,3395,12477,23807,
100,3400,14300,27944,
100,3403,12205,22443,
100,3409,12389,23667,
100,3410,12466,22824,
100,3414,12493,25293,
100,3415,12120,24604,
100,3416,12838,24338,
100,3422,12741,24734,
100,3424,12603,25177,
100,3427,12311,23386,
100,3439,12540,23333,
100,3451,12270,22969,
100,3455,12279,24294,
100,3461,12543,24379,
100,3465,12575,25635,
100,3466,12398,27423,
100,3470,12295,23821,
100,3473,12419,24120,
100,3476,12619,24673,
100,3477,12342,24910,
100,3484,12387,22335,
100,3484,13254,26700,
100,3486,12409,24647,
100,3490,12280,23050,
100,3494,12308,23225,
100,3498,12324,24191,
100,3499,12654,24093,
100,3509,12539,25746,
100,3510,12636,23722,
100,3512,12168,23647,
100,3515,12443,22795,
100,3520,12635,24729,
100,3522,12529,24435,
100,3529,12781,24765,
100,3541,12493,24599,
100,3542,12446,23755,
100,3544,12327,23005,
100,3558,12799,25672,
100,3565,12717,24719,
100,3571,12854,24949,
100,3571,12461,25479,
100,3572,12479,25670,
100,3573,12267,23286,
100,3577,12671,24612,
100,3579,12299,24847,
100,3580,12712,24829,
100,3582,12369,25741,
100,3586,12441,23820,
100,3594,12419,25423,
100,3604,12761,24176,
100,3605,12538,25234,
100,3610,12697,24448,
100,3611,12680,25038,
100,3611,12325,25178,
100,3611,12404,24604,
100,3614,12520,23761,
100,3630,12711,28011,
100,3635,12428,25381,
100,3638,12359,24027,
100,3638,12460,24760,
100,3641,12643,25560,
100,3645,12776,23995,
100,3648,12330,24015,
100,3651,15896,34807,
100,3653,12490,25642,
100,3663,12395,26146,
100,3665,13489,27234,
100,3667,12775,26277,
100,3675,12637,25133,
100,3675,12468,24665,
100,3677,13256,27302,
100,3681,12404,25085,
100,3681,12396,27109,
100,3686,13046,29908,
100,3688,12597,25973,
100,3689,12414,25049,
100,3689,12430,26215,
100,3712,12634,24906,
100,3712,12811,27367,
100,3717,12526,25820,
100,3719,12756,25179,
100,3719,12815,28138,
100,3721,12998,26460,
100,3727,12450,26809,
100,3730,12680,27734,
100,3732,12751,26820,
100,3741,12967,25986,
100,3750,12599,24572,
100,3751,12581,26938,
100,3756,12535,25632,
100,3756,12382,26027,
100,3757,12979,27242,
100,3762,12709,28980,
100,3764,12571,26513,
100,3770,12828,26618,
100,3793,12824,24790,
100,3794,12616,27681,
100,3795,13054,29403,
100,3796,13030,26823,
100,3801,12823,26540,
100,3812,12551,27816,
100,3824,12817,26924,
100,3824,13214,26587,
100,3825,12801,27978,
100,3825,13455,29021,
100,3831,12767,27738,
100,3838,12471,25764,
100,3839,12633,26761,
100,3843,12664,25333,
100,3845,12700,27572,
100,3856,14866,50026,
100,3862,12790,25237,
100,3862,12890,27748,
100,3863,12817,28116,
100,3864,12205,25969,
100,3864,12847,30876,
100,3872,12692,24811,
100,3874,12650,27916,
100,3883,12835,25595,
100,3888,12887,28047,
100,3894,12864,26632,
100,3899,12709,28175,
100,3901,12643,27790,
100,3903,12659,27353,
100,3905,13158,28123,
100,3909,12838,27329,
100,3910,13027,26540,
100,3910,12952,28542,
100,3912,13200,28521,
100,3914,12592,27817,
100,3927,12957,28158,
100,3931,13372,30360,
100,3934,12604,26866,
100,3936,12685,26738,
100,3937,13025,28617,
100,3939,13375,27727,
100,3940,12943,28049,
100,3944,12587,27538,
100,3954,12882,26513,
100,3956,13430,31756,
100,3956,12729,26233,
100,3957,12489,26320,
100,3961,12899,27822,
100,3961,12654,25664,
100,3965,12484,27516,
100,3967,12476,25667,
100,3979,12478,26616,
100,3980,12844,26033,
100,3988,13011,28032,
100,3988,12763,27417,
100,3990,12860,27849,
100,3990,12623,27086,
100,3992,13198,27504,
100,3993,12740,27077,
100,3998,12592,27504,
100,3998,12542,29431,
100,4002,12708,23782,
100,4009,14008,29927,
100,4009,12851,27127,
100,4015,12963,27709,
100,4018,12872,28267,
100,4027,12822,29371,
100,4028,13154,29464,
100,4030,12568,27303,
100,4031,14091,35972,
100,4039,12723,27277,
100,4041,13128,29847,
100,4048,13229,27991,
100,4051,12730,27501,
100,4056,12810,29625,
100,4057,12815,29983,
100,4062,12758,30212,
100,4064,13136,28913,
100,4067,13756,31304,
100,4069,12691,27239,
100,4078,12552,24359,
100,4080,12516,31021,
100,4082,12873,29862,
100,4084,12921,29502,
100,4085,12566,28585,
100,4089,12831,31918,
100,4097,12903,26818,
100,4097,12541,27521,
100,4099,12621,26577,
100,4103,12717,28632,
100,4111,12880,30125,
100,4114,13203,28566,
100,4118,13636,30781,
100,4119,12886,27988,
100,4120,12775,29743,
100,4127,13040,26965,
100,4133,13071,28882,
100,4159,13483,27798,
100,4160,12827,31000,
100,4161,12981,28367,
100,4170,12947,30735,
100,4171,13246,31167,
100,4174,12893,28633,
100,4178,12782,31023,
100,4184,12850,27961,
100,4189,13323,30486,
100,4199,13156,32387,
100,4200,13460,31269,
100,4205,12915,31717,
100,4208,13065,26490,
100,4210,12537,29927,
100,4215,13309,27951,
100,4216,12833,28460,
100,4223,13646,31656,
100,4231,13730,30669,
100,4237,12756,30470,
100,4247,12651,30491,
100,4247,12768,32962,
100,4248,12789,28909,
100,4251,12797,29351,
100,4254,12746,30209,
100,4263,12770,27543,
100,4268,13079,30669,
100,4270,12761,29880,
100,4271,12952,28090,
100,4276,12573,30095,
100,4284,13259,30988,
100,4300,13124,30966,
100,4305,13284,32692,
100,4305,12801,31318,
100,4306,13555,33595,
100,4307,12879,33273,
100,4309,13349,32402,
100,4309,12928,29811,
100,4310,12577,30840,
100,4311,12998,30993,
100,4313,13045,30796,
100,4314,12929,29146,
100,4323,12976,31473,
100,4328,12615,28048,
100,4330,12791,29602,
100,4332,14565,34256,
100,4334,12717,29057,
100,4336,12861,28883,
100,4337,12951,31428,
100,4337,12924,31624,
100,4338,12713,30370,
100,4341,12759,33586,
100,4344,12903,34267,
100,4345,15931,39568,
100,4346,12961,30584,
100,4361,13014,30084,
100,4369,13014,30412,
100,4372,13014,29070,
100,4375,12817,28960,
100,4375,12790,32259,
100,4377,12715,28353,
100,4377,13248,31752,
100,4383,12848,29918,
100,4387,13062,30860,
100,4388,13197,31784,
100,4390,13089,31154,
100,4394,13207,29354,
100,4402,13053,32583,
100,4407,13516,34215,
100,4413,13512,30902,
100,4424,12843,30664,
100,4427,12958,33499,
100,4429,12999,31818,
100,4430,13003,29857,
100,4439,13326,35066,
100,4443,12802,28510,
100,4445,12824,31777,
100,4452,13218,34848,
100,4461,13787,32819,
100,4469,12923,28928,
100,4474,13005,32297,
100,4477,13289,32418,
100,4483,13044,31533,
100,4486,13379,34590,
100,4489,13575,34874,
100,4490,13050,32511,
100,4493,12634,33079,
100,4493,12836,31357,
100,4494,12787,32415,
100,4507,13161,31728,
100,4507,13605,35332,
100,4509,13085,32506,
100,4517,12963,35180,
100,4518,13093,30835,
100,4528,13150,32191,
100,4530,12696,32522,
100,4531,13470,33314,
100,4531,12966,33029,
100,4533,12945,31719,
100,4534,13458,31364,
100,4538,13094,35821,
100,4544,12849,30172,
100,4545,13022,33405,
100,4546,12792,30140,
100,4546,13169,31069,
100,4547,12681,31571,
100,4548,13013,33134,
100,4552,13024,37990,
100,4554,13228,33619,
100,4557,13074,32738,
100,4564,13094,34536,
100,4573,14440,36902,
100,4576,12897,30245,
100,4578,13198,33024,
100,4579,12678,31308,
100,4582,12593,32267,
100,4582,12823,32467,
100,4586,13574,35104,
100,4598,12965,34995,
100,4598,12954,32851,
100,4603,13412,32229,
100,4603,12979,30466,
100,4606,13036,30879,
100,4613,13764,34081,
100,4618,12842,33317,
100,4623,12885,32292,
100,4623,12877,33874,
100,4625,13034,31536,
100,4627,12770,31315,
100,4630,12834,33126,
100,4636,13234,28578,
100,4639,13927,36696,
100,4641,13085,30313,
100,4642,12904,32909,
100,4650,13039,32359,
100,4660,13377,33995,
100,4667,13125,34272,
100,4671,13005,32127,
100,4674,12733,34371,
100,4675,13012,32505,
100,4682,13114,30175,
100,4687,13509,35410,
100,4691,12723,34241,
100,4692,13140,35142,
100,4692,12849,38117,
100,4693,12790,34382,
100,4700,13474,35009,
100,4703,13095,33687,
100,4714,13143,33869,
100,4717,13235,34649,
100,4722,13490,37447,
100,4724,14049,35507,
100,4725,13360,33890,
100,4725,12931,33190,
100,4728,13069,34679,
100,4742,13325,37179,
100,4748,13311,34793,
100,4752,12941,30284,
100,4754,12735,35135,
100,4755,12693,32951,
100,4762,12696,33004,
100,4769,13009,32798,
100,4786,12929,33368,
100,4789,12815,32965,
100,4796,12761,32499,
100,4798,12883,32233,
100,4799,13434,38171,
100,4800,13054,30712,
100,4804,13364,36418,
100,4812,12836,34268,
100,4813,13083,39605,
100,4813,12801,29554,
100,4814,12942,32706,
100,4817,13005,36274,
100,4821,13053,34622,
100,4825,13083,32733,
100,4833,12808,35210,
100,4835,13132,32881,
100,4847,13490,36095,
100,4849,12874,36389,
100,4854,12991,32522,
100,4854,13014,33390,
100,4862,13259,38083,
100,4862,13518,34314,
100,4863,13766,37357,
100,4867,13007,33939,
100,4872,13031,36364,
100,4874,13213,34110,
100,4877,12856,34468,
100,4886,13210,34112,
100,4890,12888,34464,
100,4896,12948,31995,
100,4897,13524,38033,
100,4897,13158,36525,
100,4898,13534,38311,
100,4902,13049,34385,
100,4906,12982,31667,
100,4911,13511,37327,
100,4914,12867,34277,
100,4917,15051,39643,
100,4922,13508,38608,
100,4922,13211,37497,
100,4923,13140,34487,
100,4931,12774,36440,
100,4934,12988,38108,
100,4935,13423,36301,
100,4935,12867,30533,
100,4941,13125,34338,
100,4943,13493,36149,
100,4948,13084,35419,
100,4952,13191,35229,
100,4957,12742,34593,
100,4960,13468,39245,
100,4969,13461,37215,
100,4979,12947,37207,
100,4987,13205,34372,
100,4989,13080,37032,
100,4990,12819,35878,
100,4991,13004,37214,
100,4995,13185,38653,
100,5009,12852,36025,
100,5011,13126,35810,
100,5019,12994,36121,
100,5020,14953,42150,
100,5023,13159,40133,
100,5024,13297,36952,
100,5026,13209,38415,
100,5027,13320,36279,
100,5032,12997,36464,
100,5032,13184,41097,
100,5037,13276,36124,
100,5037,12741,39466,
100,5042,12773,40213,
100,5055,13001,41051,
100,5055,15231,42693,
100,5055,12994,40970,
100,5060,12994,40839,
100,5060,13238,32770,
100,5064,12787,33901,
100,5064,12729,35113,
100,5066,13061,36341,
100,5069,13176,37336,
100,5073,13091,35670,
100,5088,13149,37963,
100,5090,13269,37013,
100,5093,13404,35984,
100,5095,13732,36848,
100,5102,13190,37458,
100,5107,12995,35832,
100,5113,13440,41219,
100,5118,13040,36210,
100,5118,13159,38282,
100,5123,13278,40347,
100,5124,12679,36241,
100,5126,12919,37451,
100,5129,13266,36953,
100,5130,13435,37877,
100,5133,12906,35574,
100,5133,13130,36950,
100,5136,13101,35546,
100,5138,13045,38754,
100,5140,12814,37075,
100,5143,13208,39241,
100,5144,13067,30935,
100,5147,13271,36714,
100,5150,13237,40501,
100,5153,13043,38974,
100,5155,13154,33723,
100,5158,13210,37974,
100,5159,13292,39307,
100,5166,13262,34568,
100,5166,13028,40240,
100,5169,13295,40887,
100,5173,13238,38867,
100,5178,13071,40249,
100,5181,13027,35125,
100,5183,13235,40373,
100,5185,13074,42327,
100,5196,13090,40251,
100,5201,12929,39199,
100,5205,12984,38605,
100,5211,13316,37429,
100,5212,13097,40249,
100,5213,13298,37914,
100,5214,14357,45374,
100,5215,12970,36303,
100,5216,13215,39573,
100,5220,13230,40468,
100,5221,14167,41040,
100,5221,14712,43758,
100,5225,13642,39327,
100,5225,12881,44171,
100,5226,13586,42498,
100,5227,13073,39992,
100,5229,13225,39280,
100,5229,13612,38170,
100,5234,13181,38549,
100,5235,13004,41691,
100,5244,13336,41094,
100,5244,12941,40916,
100,5244,13372,40213,
100,5251,13011,35108,
100,5252,13704,39132,
100,5253,13749,42924,
100,5270,13119,39936,
100,5276,13067,41856,
100,5280,12931,38844,
100,5281,13207,39223,
100,5281,13066,41678,
100,5282,13298,40242,
100,5282,13033,40934,
100,5285,12844,40191,
100,5291,13001,42550,
100,5292,13052,39462,
100,5294,12927,39902,
100,5294,12802,41302,
100,5296,13261,41728,
100,5301,13173,40746,
100,5302,13344,40672,
100,5305,13150,40048,
100,5309,12946,39138,
100,5311,13141,45571,
100,5317,13294,38061,
100,5318,12888,36891,
100,5324,13172,36699,
100,5329,12964,39108,
100,5330,13198,42088,
100,5333,13789,40133,
100,5336,13021,39953,
100,5336,13323,42015,
100,5337,13376,38905,
100,5338,13528,40637,
100,5344,13045,38331,
100,5350,13472,40727,
100,5353,13202,37947,
100,5364,12876,40415,
100,5368,13170,41545,
100,5368,13295,38857,
100,5376,13077,37284,
100,5378,14065,40102,
100,5384,12956,43546,
100,5389,14401,42944,
100,5394,12786,39735,
100,5397,13139,40008,
100,5416,13234,37350,
100,5419,12892,42725,
100,5420,13774,45672,
100,5428,13035,37435,
100,5441,13289,41500,
100,5444,13410,44649,
100,5445,13656,45163,
100,5446,13447,44218,
100,5454,13170,40243,
100,5458,13319,42284,
100,5470,13198,34292,
100,5472,15456,51224,
100,5475,12976,39813,
100,5476,13275,42523,
100,5478,13494,40536,
100,5483,13011,41303,
100,5484,13082,42745,
100,5489,14461,44494,
100,5501,13027,41912,
100,5503,13465,45970,
100,5506,13975,44350,
100,5507,13442,44868,
100,5515,13489,40537,
100,5530,14308,42710,
100,5530,14179,47773,
100,5540,13433,43793,
100,5541,13360,43097,
100,5543,13120,36798,
100,5544,13459,45028,
100,5550,13092,48309,
100,5552,13502,39316,
100,5558,13396,39954,
100,5558,13296,46519,
100,5562,13125,46376,
100,5566,13079,41049,
100,5567,13501,41316,
100,5569,13749,43807,
100,5570,13808,42294,
100,5577,13179,39960,
100,5585,12924,41353,
100,5593,13197,43103,
100,5593,12866,41218,
100,5603,13283,40325,
100,5614,13663,44098,
100,5618,13130,40508,
100,5620,13307,44479,
100,5627,13031,44385,
100,5628,13159,42652,
100,5629,13243,40233,
100,5630,13134,43822,
100,5637,13216,42261,
100,5642,12955,41408,
100,5648,12896,40509,
100,5651,12765,41459,
100,5654,13360,43587,
100,5656,13138,43412,
100,5656,15195,48760,
100,5657,13081,43299,
100,5658,13079,41505,
100,5659,13462,41064,
100,5665,13108,44282,
100,5669,13333,47279,
100,5672,13338,39946,
100,5684,13684,43838,
100,5684,12903,44647,
100,5684,13061,43238,
100,5689,13366,40944,
100,5693,12956,45231,
100,5694,13220,44350,
100,5699,13206,42927,
100,5701,12797,42358,
100,5706,13194,43622,
100,5706,13590,43987,
100,5708,12950,46090,
100,5711,13254,37977,
100,5712,13520,48677,
100,5716,13034,45364,
100,5720,13076,45914,
100,5729,13240,44369,
100,5730,13605,45005,
100,5731,13028,44387,
100,5735,13079,46090,
100,5743,13215,41088,
100,5744,13304,44880,
100,5745,13715,47562,
100,5747,13091,44368,
100,5747,13292,46864,
100,5755,12915,43710,
100,5757,13226,40420,
100,5757,12842,43325,
100,5767,13199,45977,
100,5769,12786,42763,
100,5772,13314,47379,
100,5784,12926,47666,
100,5786,13181,42848,
100,5788,13109,47971,
100,5790,13621,46537,
100,5795,13384,44253,
100,5796,13186,46418,
100,5796,12956,44612,
100,5805,13122,45240,
100,5808,17300,53574,
100,5811,13267,44075,
100,5816,13229,47494,
100,5817,13189,46068,
100,5823,13024,44490,
100,5831,13580,46241,
100,5831,13180,37120,
100,5834,13085,47600,
100,5840,13140,45974,
100,5842,13368,48512,
100,5843,13403,49362,
100,5850,13127,43696,
100,5858,13793,47437,
100,5862,13137,47711,
100,5866,13490,45372,
100,5868,13076,43273,
100,5871,13314,46176,
100,5875,13522,48229,
100,5881,13373,46008,
100,5883,13110,46228,
100,5883,13338,48190,
100,5897,13423,43402,
100,5903,13290,45194,
100,5904,13656,46677,
100,5905,13159,44570,
100,5907,13099,45567,
100,5912,13123,46590,
100,5918,13507,46953,
100,5919,12930,46220,
100,5920,13109,47044,
100,5922,12960,46413,
100,5928,13018,43511,
100,5929,13337,44865,
100,5930,13313,43818,
100,5935,13341,41310,
100,5956,13366,47953,
100,5959,13116,47251,
100,5967,13378,48819,
100,5970,13542,48736,
100,5971,13186,46704,
100,5979,13390,46014,
100,5982,13823,50172,
100,5983,12997,47676,
100,5983,13147,46625,
100,5993,13130,47001,
100,5995,13003,46435,
100,5998,12814,44766,
100,6003,13248,47229,
100,6013,12905,43248,
100,6032,13590,53793,
100,6037,13159,41968,
100,6049,13226,45455,
100,6054,13089,46226,
100,6056,13446,50687,
100,6062,12985,44563,
100,6063,13254,48538,
100,6065,13245,50715,
100,6068,13334,48170,
100,6069,12938,49065,
100,6071,12969,43974,
100,6072,13410,49712,
100,6074,13276,47332,
100,6077,12996,46689,
100,6078,13508,48070,
100,6078,13441,47797,
100,6085,13049,46892,
100,6086,12992,51022,
100,6095,13867,50387,
100,6100,13218,47517,
100,6101,12845,46142,
100,6102,13451,51536,
100,6107,12858,48469,
100,6111,13338,48795,
100,6121,14165,54017,
100,6123,13439,45198,
100,6125,12804,44522,
100,6130,28122,113227,
100,6130,12895,47878,
100,6132,12963,48147,
100,6139,13185,51194,
100,6152,13459,53824,
100,6157,12994,47939,
100,6160,13163,48889,
100,6163,13219,44960,
100,6164,12922,47652,
100,6165,13075,47513,
100,6171,13136,47749,
100,6174,13228,49495,
100,6176,13219,51612,
100,6183,13305,55051,
100,6183,13108,48669,
100,6186,13142,50764,
100,6188,13116,47787,
100,6191,13682,52184,
100,6191,13121,47768,
100,6193,13511,48187,
100,6199,13159,49905,
100,6203,13279,52512,
100,6204,13124,47323,
100,6205,14059,51408,
100,6207,13002,50791,
100,6214,13023,49912,
100,6215,12982,49962,
100,6218,13475,48137,
100,6221,13224,45411,
100,6227,13239,47444,
100,6228,13746,55980,
100,6228,13266,54223,
100,6237,13075,51486,
100,6238,13246,51440,
100,6241,13302,51184,
100,6242,13339,52284,
100,6242,13225,49279,
100,6245,12956,49429,
100,6250,13312,44885,
100,6257,12970,53424,
100,6266,13416,51293,
100,6270,13009,53341,
100,6281,13005,54368,
100,6285,12909,54260,
100,6287,13163,50216,
100,6292,12851,52248,
100,6294,12752,50700,
100,6296,13450,50128,
100,6296,13024,51288,
100,6297,12978,51732,
100,6299,14033,58272,
100,6314,13075,48555,
100,6316,13024,51012,
100,6319,13320,53896,
100,6319,13154,55889,
100,6330,12865,53212,
100,6336,13366,51863,
100,6342,13159,52656,
100,6361,13589,51040,
100,6368,13405,57262,
100,6378,13337,54372,
100,6379,13296,55314,
100,6381,13056,55032,
100,6384,12901,50729,
100,6384,13309,53937,
100,6387,13515,53169,
100,6392,13024,57619,
100,6401,12917,48038,
100,6404,12749,51275,
100,6404,14155,55021,
100,6405,13117,53821,
100,6407,13336,55564,
100,6414,12690,52726,
100,6422,13095,56448,
100,6426,12936,52170,
100,6428,12641,46473,
100,6432,12919,49796,
100,6432,13110,40507,
100,6434,13013,52242,
100,6437,13315,55446,
100,6449,13268,55200,
100,6450,13016,50456,
100,6458,13907,56921,
100,6466,13296,56459,
100,6470,12897,53221,
100,6477,13142,39460,
100,6478,13044,49118,
100,6481,13379,53454,
100,6489,13074,49710,
100,6500,13228,52258,
100,6501,13177,51166,
100,6503,12965,49934,
100,6504,13211,51093,
100,6507,13377,47324,
100,6510,13226,45038,
100,6514,13723,55289,
100,6515,13058,50344,
100,6517,13960,51709,
100,6523,12942,57059,
100,6530,13180,56687,
100,6535,13355,50436,
100,6545,13139,55966,
100,6548,13655,53174,
100,6548,14231,57623,
100,6551,13923,55391,
100,6552,13189,54971,
100,6553,13013,51855,
100,6556,14769,61954,
100,6557,14467,63753,
100,6560,13394,52792,
100,6563,13155,53166,
100,6566,13027,56263,
100,6571,14472,60334,
100,6579,13084,57722,
100,6582,13251,53958,
100,6584,13027,52968,
100,6587,13618,57404,
100,6588,13020,55937,
100,6589,13681,56758,
100,6595,13652,46964,
100,6596,13663,54810,
100,6601,13315,53319,
100,6602,13050,54142,
100,6604,12745,48128,
100,6611,13359,53032,
100,6613,13456,54532,
100,6619,13432,57986,
100,6621,13471,43418,
100,6637,13671,58961,
100,6638,12967,56905,
100,6644,13111,50239,
100,6644,13256,55082,
100,6645,13008,41760,
100,6650,12926,53280,
100,6651,13328,51805,
100,6656,13714,58998,
100,6664,13060,52830,
100,6666,13053,53807,
100,6672,13339,57983,
100,6680,12764,52305,
100,6696,13221,53899,
100,6701,13018,53779,
100,6704,13244,56960,
100,6705,12904,56047,
100,6710,13225,53698,
100,6726,13194,54300,
100,6739,12893,58329,
100,6744,15490,61733,
100,6744,13155,52304,
100,6747,12746,52059,
100,6750,13229,57775,
100,6757,13090,55307,
100,6766,12960,57270,
100,6788,14683,61437,
100,6789,12866,57451,
100,6790,13450,58262,
100,6790,13240,48306,
100,6798,13075,58359,
100,6805,12995,54697,
100,6811,13447,57969,
100,6812,13509,58326,
100,6819,12857,54149,
100,6824,12713,55651,
100,6826,13256,56180,
100,6826,13197,48142,
100,6827,12841,60983,
100,6832,14268,57784,
100,6834,14105,54656,
100,6836,13191,59877,
100,6837,14841,61236,
100,6838,13027,55561,
100,6848,13240,57620,
100,6849,12700,56386,
100,6850,13371,55988,
100,6850,13203,54538,
100,6850,12878,61246,
100,6856,12710,60531,
100,6863,13020,55196,
100,6868,12865,55947,
100,6869,12874,59187,
100,6872,12844,56412,
100,6873,13021,55088,
100,6886,12857,53786,
100,6887,13203,60783,
100,6890,13004,53213,
100,6903,13062,57929,
100,6905,13052,56250,
100,6909,12828,60992,
100,6921,12643,58853,
100,6923,13029,61526,
100,6927,13011,62153,
100,6927,13665,60648,
100,6928,13033,56784,
100,6933,13041,58127,
100,6935,15621,73845,
100,6952,13032,57907,
100,6959,14116,62641,
100,6965,12982,54312,
100,6965,13489,55212,
100,6970,13402,59456,
100,6971,13177,54922,
100,6973,13009,58343,
100,6976,13202,62064,
100,6981,13005,55928,
100,6983,13174,57711,
100,6987,13659,61520,
100,6988,12967,55587,
100,6991,13360,58194,
100,6993,13083,55802,
100,7007,13617,65243,
100,7008,13688,62226,
100,7008,12883,56232,
100,7009,13398,58455,
100,7009,12617,56183,
100,7010,12902,58310,
100,7010,13316,46605,
100,7011,12759,59991,
100,7014,12845,56723,
100,7015,13035,61737,
100,7019,13036,56429,
100,7033,13225,63491,
100,7060,13097,59763,
100,7066,13476,59653,
100,7067,12889,63743,
100,7071,13577,61968,
100,7072,13198,60887,
100,7076,13243,64991,
100,7081,12599,56422,
100,7093,13084,62423,
100,7094,13242,52338,
100,7103,14488,96307,
100,7106,12688,64937,
100,7111,14528,67679,
100,7112,13030,59354,
100,7117,13163,50727,
100,7118,13054,61224,
100,7119,13396,61951,
100,7124,13165,61785,
100,7124,13134,54745,
100,7128,13033,62372,
100,7130,13129,59860,
100,7135,13718,61260,
100,7138,13082,65315,
100,7141,12719,58859,
100,7144,13319,55071,
100,7155,13039,62613,
100,7155,12984,62011,
100,7155,12925,55752,
100,7160,13108,64319,
100,7172,13453,57332,
100,7178,12807,58055,
100,7179,13021,62366,
100,7183,13144,61033,
100,7189,12896,58919,
100,7192,12813,61848,
100,7194,13166,62889,
100,7201,13418,53406,
100,7206,12811,63395,
100,7207,13108,62574,
100,7208,13304,64654,
100,7213,12516,59961,
100,7220,12837,51233,
100,7224,12960,60072,
100,7225,12866,57372,
100,7226,13339,63515,
100,7232,12735,53650,
100,7235,13249,59695,
100,7243,13407,65977,
100,7246,13677,59398,
100,7247,12846,63403,
100,7247,12635,58140,
100,7249,13396,62214,
100,7252,13060,63388,
100,7253,13135,59009,
100,7260,13035,67102,
100,7262,13416,58757,
100,7262,14768,68233,
100,7265,12419,57254,
100,7267,13230,63384,
100,7270,13636,66312,
100,7270,12820,67731,
100,7272,12789,61492,
100,7272,12786,63864,
100,7275,16172,71311,
100,7284,12862,57844,
100,7300,12951,47989,
100,7306,12898,65056,
100,7307,13134,58320,
100,7314,13018,58752,
100,7314,13046,63285,
100,7321,13435,62989,
100,7322,13389,64462,
100,7331,12862,62877,
100,7333,13089,65317,
100,7333,13127,62779,
100,7334,17532,83914,
100,7334,12768,61436,
100,7336,13052,58763,
100,7337,12970,64753,
100,7338,13199,64557,
100,7346,12991,59652,
100,7347,12699,59561,
100,7349,13215,68141,
100,7357,12849,49769,
100,7361,12857,63035,
100,7361,13129,60913,
100,7363,13033,61745,
100,7363,12994,61718,
100,7363,12881,63624,
100,7369,13493,60110,
100,7374,13039,63016,
100,7378,13606,68188,
100,7380,13224,64599,
100,7381,12992,58309,
100,7382,12682,61544,
100,7386,12915,64268,
100,7391,13011,65263,
100,7392,12843,63575,
100,7392,14824,73611,
100,7399,12898,66990,
100,7399,12878,60810,
100,7404,12897,57102,
100,7408,13133,62534,
100,7410,12768,66163,
100,7412,12707,65173,
100,7412,13131,54007,
100,7412,12355,48672,
100,7415,12998,62738,
100,7419,13355,53109,
100,7431,12773,64790,
100,7432,12880,60751,
100,7432,12371,60606,
100,7436,12996,67544,
100,7440,12930,51314,
100,7444,12846,63362,
100,7451,13040,67640,
100,7454,12819,61842,
100,7459,13111,60767,
100,7471,12987,69748,
100,7479,12468,61683,
100,7489,13490,62174,
100,7496,13172,63581,
100,7499,16309,85280,
100,7501,12950,63160,
100,7505,12892,61331,
100,7508,12639,65363,
100,7509,12832,65820,
100,7511,12733,61510,
100,7514,12755,64438,
100,7515,12927,64864,
100,7520,12948,61796,
100,7520,13137,65530,
100,7528,12624,64240,
100,7528,13268,67901,
100,7529,12838,61033,
100,7530,12908,67088,
100,7532,12897,66563,
100,7540,13033,63031,
100,7541,12827,65778,
100,7553,12990,67511,
100,7555,13115,68225,
100,7564,13211,64371,
100,7566,12419,65651,
100,7575,13264,65228,
100,7576,13208,64718,
100,7581,12900,66253,
100,7587,12474,65324,
100,7587,12985,65875,
100,7599,12716,60725,
100,7603,12883,64129,
100,7608,13283,64799,
100,7612,12729,68441,
100,7613,12680,64136,
100,7614,12569,65501,
100,7615,13631,55926,
100,7624,13097,67272,
100,7626,12847,59806,
100,7634,12809,62939,
100,7634,13021,68377,
100,7635,13081,68055,
100,7636,13275,63355,
100,7636,13270,67238,
100,7640,13084,70261,
100,7643,12921,67541,
100,7644,13041,64667,
100,7645,13449,70577,
100,7649,16093,89121,
100,7649,12961,62532,
100,7661,12736,71377,
100,7665,13269,67796,
100,7680,13108,69231,
100,7684,14704,76684,
100,7685,13437,71508,
100,7689,12935,65242,
100,7690,12899,71223,
100,7692,12906,64779,
100,7701,13266,65003,
100,7702,13515,69366,
100,7707,12855,69685,
100,7708,13533,65694,
100,7709,12872,64667,
100,7712,13313,68403,
100,7713,12774,65955,
100,7716,13256,70662,
100,7722,12570,71208,
100,7723,12711,63336,
100,7724,12752,68546,
100,7728,12926,62183,
100,7742,12935,55574,
100,7745,12839,64736,
100,7752,13056,67064,
100,7753,12928,73607,
100,7762,13454,69263,
100,7774,13072,59128,
100,7776,12925,65165,
100,7778,12761,68103,
100,7780,13022,63847,
100,7801,13656,73753,
100,7803,13037,67081,
100,7806,12643,68518,
100,7808,12925,71580,
100,7812,13660,74301,
100,7814,14606,75996,
100,7816,12864,64672,
100,7817,13102,72514,
100,7820,13349,72840,
100,7827,13064,68995,
100,7830,13005,71362,
100,7831,13322,69928,
100,7832,13078,68975,
100,7833,12851,64865,
100,7840,13269,71400,
100,7841,13149,65553,
100,7841,13679,71420,
100,7843,12999,67916,
100,7855,12735,70195,
100,7856,12933,67716,
100,7859,12822,71782,
100,7859,13318,73087,
100,7867,12945,65692,
100,7869,12686,66248,
100,7881,12891,67734,
100,7883,12745,69216,
100,7887,13265,72265,
100,7889,13001,71625,
100,7894,13130,70560,
100,7897,12915,68561,
100,7900,12814,68782,
100,7903,13217,73888,
100,7903,12794,73098,
100,7904,14151,76281,
100,7915,13081,72742,
100,7920,12511,68833,
100,7921,12847,70280,
100,7925,13727,63152,
100,7928,13225,70637,
100,7929,12690,71443,
100,7934,12339,71157,
100,7955,12847,74122,
100,7958,12739,54583,
100,7964,13090,70785,
100,7964,13706,69937,
100,7964,12926,73883,
100,7971,12655,69913,
100,7973,12850,71818,
100,7980,12864,72974,
100,7984,12598,72644,
100,7985,14221,77645,
100,7987,12909,70294,
100,7987,13161,69050,
100,7988,13017,69473,
100,7989,12980,74380,
100,7998,12924,69897,
100,8002,12780,72324,
100,8003,12664,67111,
100,8003,12856,70776,
100,8004,12736,67359,
100,8012,14604,78211,
100,8020,13357,80896,
100,8022,12919,75305,
100,8031,13452,70451,
100,8033,12857,71834,
100,8035,13151,68116,
100,8037,12799,70211,
100,8044,12734,71919,
100,8050,12601,69773,
100,8052,12935,59170,
100,8056,13899,76162,
100,8059,12706,67870,
100,8062,13004,70272,
100,8069,12899,70690,
100,8074,12896,74998,
100,8075,13017,71544,
100,8079,12789,73999,
100,8080,12598,71926,
100,8083,13069,75046,
100,8087,13085,76256,
100,8089,13734,79781,
100,8089,12929,71499,
100,8092,12524,70903,
100,8096,12834,72248,
100,8099,13079,77156,
100,8108,12512,70293,
100,8108,12770,69614,
100,8109,12519,75990,
100,8110,13104,69325,
100,8111,12592,70960,
100,8113,12998,77357,
100,8113,12902,77356,
100,8119,13333,76892,
100,8123,16090,87841,
100,8126,12564,74525,
100,8132,12665,69554,
100,8139,14883,81222,
100,8142,13038,76236,
100,8152,12917,70231,
100,8154,12775,73828,
100,8158,13289,74629,
100,8168,12754,74123,
100,8183,13179,72047,
100,8183,13232,71142,
100,8190,12422,72172,
100,8205,13633,79780,
100,8214,13449,73142,
100,8215,12898,71894,
100,8223,12501,73174,
100,8226,12669,74793,
100,8227,12505,71774,
100,8233,13216,75368,
100,8236,15736,86461,
100,8242,13067,76535,
100,8248,12801,74074,
100,8256,12374,74949,
100,8256,12812,71690,
100,8264,12699,76498,
100,8264,12891,75164,
100,8269,12894,71968,
100,8269,12855,76458,
100,8269,13388,61866,
100,8270,12481,68369,
100,8270,12647,78982,
100,8272,12830,74710,
100,8298,12547,73401,
100,8305,12873,75874,
100,8315,12917,76639,
100,8318,12871,74910,
100,8325,12579,79245,
100,8330,13111,74570,
100,8332,12565,75840,
100,8333,12809,76790,
100,8342,13842,80129,
100,8345,13106,77254,
100,8352,12703,74084,
100,8365,12631,79310,
100,8367,14452,84286,
100,8367,12622,74739,
100,8368,12756,74690,
100,8372,12593,71570,
100,8375,13025,81182,
100,8384,12414,76736,
100,8385,12611,72420,
100,8387,12872,76656,
100,8390,12889,80765,
100,8391,15934,95496,
100,8398,12939,78762,
100,8407,13400,81142,
100,8409,12586,74115,
100,8409,12907,75520,
100,8413,12725,80787,
100,8414,13116,77886,
100,8416,13012,74850,
100,8421,12578,76011,
100,8428,12665,75891,
100,8439,12685,80208,
100,8444,13166,75343,
100,8449,12954,75149,
100,8449,12840,76934,
100,8451,12597,79073,
100,8455,13395,76666,
100,8458,12972,79892,
100,8460,12620,74302,
100,8463,12931,81675,
100,8468,12908,84251,
100,8470,12982,76754,
100,8474,13306,81513,
100,8482,12945,75397,
100,8486,13052,74839,
100,8487,12513,81410,
100,8488,13797,81310,
100,8491,12993,81678,
100,8491,13071,79968,
100,8498,12492,78789,
100,8500,12678,76653,
100,8503,13177,78524,
100,8505,12742,79046,
100,8506,12822,75282,
100,8507,12537,57265,
100,8516,13036,79722,
100,8518,12617,73718,
100,8527,12599,78916,
100,8534,12758,82644,
100,8535,13080,84434,
100,8535,12605,67109,
100,8536,13221,78665,
100,8536,12864,84993,
100,8538,12813,75853,
100,8543,13462,80007,
100,8543,12798,81272,
100,8545,13230,83513,
100,8545,12856,74292,
100,8553,13276,80833,
100,8556,12816,80841,
100,8558,16126,94323,
100,8559,12629,78268,
100,8562,12808,79424,
100,8566,12738,78600,
100,8572,12708,79752,
100,8580,12969,80938,
100,8585,12698,77426,
100,8586,13470,82802,
100,8588,12962,79208,
100,8589,12921,76229,
100,8591,12762,54170,
100,8592,12964,79151,
100,8598,12846,80764,
100,8599,12948,76594,
100,8601,13347,81302,
100,8609,12781,74967,
100,8609,12905,78530,
100,8610,12731,80846,
100,8611,12707,85658,
100,8613,12957,83188,
100,8613,12586,79004,
100,8618,13493,83035,
100,8623,12560,80322,
100,8635,12592,77171,
100,8638,12518,77803,
100,8639,12833,85252,
100,8644,13423,78681,
100,8644,12758,82274,
100,8649,12691,76384,
100,8649,12745,61628,
100,8651,12689,84303,
100,8653,12929,80268,
100,8664,12891,83342,
100,8665,12759,79805,
100,8669,18696,110531,
100,8669,12827,81155,
100,8672,12837,80751,
100,8672,12981,80360,
100,8677,12915,83481,
100,8685,13188,83314,
100,8693,13045,89846,
100,8708,12599,78846,
100,8716,12610,83104,
100,8722,12769,73509,
100,8722,12235,80488,
100,8725,13024,80839,
100,8728,13373,84078,
100,8731,12664,81562,
100,8734,12752,81557,
100,8735,13049,79329,
100,8739,12646,83742,
100,8740,12862,77706,
100,8741,12994,84152,
100,8742,13097,83677,
100,8744,13479,86482,
100,8745,13303,81638,
100,8745,12453,83142,
100,8749,15561,100401,
100,8765,13091,79780,
100,8767,13019,86946,
100,8770,13067,80796,
100,8778,12999,80798,
100,8780,13107,84185,
100,8782,13130,87602,
100,8782,13046,85991,
100,8782,12688,83948,
100,8796,12674,83929,
100,8800,13124,87777,
100,8803,13096,89822,
100,8807,12341,86230,
100,8812,12747,84675,
100,8812,12284,81321,
100,8813,12934,82851,
100,8818,13366,88531,
100,8819,12966,71750,
100,8821,12730,82125,
100,8831,12671,85571,
100,8832,12793,89089,
100,8843,12456,83382,
100,8847,12850,84158,
100,8853,12818,66260,
100,8859,12715,80207,
100,8859,12624,86898,
100,8867,13089,80100,
100,8868,12557,90787,
100,8869,12650,82883,
100,8871,12364,82974,
100,8886,12879,87314,
100,8898,12903,80265,
100,8899,17732,93893,
100,8902,14029,90084,
100,8904,12759,87089,
100,8904,12419,81877,
100,8913,13150,86459,
100,8918,12754,88385,
100,8918,12525,80332,
100,8922,13012,89993,
100,8924,13346,84867,
100,8926,12937,79443,
100,8929,12685,63050,
100,8931,12759,83644,
100,8932,12779,80269,
100,8934,12933,90356,
100,8935,12421,81360,
100,8935,12418,85940,
100,8944,13354,82317,
100,8946,12558,85521,
100,8954,12993,87948,
100,8954,12864,86512,
100,8954,12518,89008,
100,8957,12564,85308,
100,8959,12478,80523,
100,8969,12776,86235,
100,8982,13912,90085,
100,8983,12540,84732,
100,8988,12695,87234,
100,8990,12788,86588,
100,8993,12542,83391,
100,8998,12689,80909,
100,8999,12675,85575,
100,9001,12567,87922,
100,9004,12930,90807,
100,9005,13147,89366,
100,9009,12769,86206,
100,9013,12949,88307,
100,9015,12824,90212,
100,9019,12615,85381,
100,9020,13051,82430,
100,9020,13010,89961,
100,9021,12851,84994,
100,9025,12434,88725,
100,9026,12482,86952,
100,9033,12725,91711,
100,9040,12797,85097,
100,9043,13181,87667,
100,9051,13622,86808,
100,9056,12667,85253,
100,9065,12480,86009,
100,9075,12732,76355,
100,9078,13090,90993,
100,9081,12652,88272,
100,9082,12580,83066,
100,9083,13336,93932,
100,9085,12783,87964,
100,9098,12350,85642,
100,9099,12500,82115,
100,9100,12922,87217,
100,9102,12669,91453,
100,9104,13447,87761,
100,9104,12964,87193,
100,9114,12790,87420,
100,9119,13178,89700,
100,9121,13117,86073,
100,9122,14076,95454,
100,9126,12302,80851,
100,9139,12836,90609,
100,9145,13387,92948,
100,9146,12520,69673,
100,9151,12285,85622,
100,9154,12961,90725,
100,9159,12440,87643,
100,9171,12703,87018,
100,9176,14061,94599,
100,9177,12485,90013,
100,9178,12692,83378,
100,9179,12712,86707,
100,9183,12692,88299,
100,9186,13077,71977,
100,9190,12871,86888,
100,9197,12959,88544,
100,9198,12742,92695,
100,9209,12959,87256,
100,9210,12454,88665,
100,9214,12726,81128,
100,9215,13589,86301,
100,9221,12407,85509,
100,9227,13346,90553,
100,9231,13169,89975,
100,9232,13125,90787,
100,9237,12987,87238,
100,9259,13215,87358,
100,9262,13922,90060,
100,9262,12493,87072,
100,9266,12727,89705,
100,9268,12661,71670,
100,9271,12761,95518,
100,9280,12520,85655,
100,9281,12809,89416,
100,9283,12316,91947,
100,9284,13330,98480,
100,9312,12643,88759,
100,9313,12818,85226,
100,9320,12554,91261,
100,9324,12512,92698,
100,9326,13304,94647,
100,9328,12316,89010,
100,9331,12568,87959,
100,9335,12710,96163,
100,9337,13055,90067,
100,9347,12185,84253,
100,9347,13117,98234,
100,9353,12630,90541,
100,9368,12521,90709,
100,9368,12425,88176,
100,9373,12965,89486,
100,9388,12485,88674,
100,9391,12584,92416,
100,9392,12357,87321,
100,9393,12450,92160,
100,9401,12768,94505,
100,9404,12813,78108,
100,9404,12432,86011,
100,9420,12325,95169,
100,9423,13410,100289,
100,9427,13539,103704,
100,9428,12538,90033,
100,9429,12972,93764,
100,9430,12969,94258,
100,9434,13130,97155,
100,9437,13231,94183,
100,9441,12719,88190,
100,9444,13178,93422,
100,9453,12735,92449,
100,9455,12535,93044,
100,9457,11990,90323,
100,9457,12877,89628,
100,9460,12564,94712,
100,9462,12715,86513,
100,9463,12902,77235,
100,9470,12936,97502,
100,9471,12598,92133,
100,9482,12144,92266,
100,9489,12572,89214,
100,9498,12977,91615,
100,9501,12898,97793,
100,9503,12689,91582,
100,9506,12097,89282,
100,9507,12336,91756,
100,9511,12486,91514,
100,9513,12222,93442,
100,9516,12840,98379,
100,9518,12645,95979,
100,9526,12677,87345,
100,9526,12489,95669,
100,9536,12755,89296,
100,9536,12411,96003,
100,9538,12123,91126,
100,9541,12371,95247,
100,9541,13374,97816,
100,9542,12862,94547,
100,9548,13723,111746,
100,9556,13189,98355,
100,9557,14130,78745,
100,9567,14035,96379,
100,9569,12811,92362,
100,9569,12884,89327,
100,9576,12432,93461,
100,9581,13037,96179,
100,9582,12154,89568,
100,9595,12967,91246,
100,9595,12454,91278,
100,9598,12337,92492,
100,9606,12550,92733,
100,9607,12634,95383,
100,9610,12709,93553,
100,9610,12859,95464,
100,9614,12600,98960,
100,9617,19070,127611,
100,9635,12719,91087,
100,9641,12473,94507,
100,9654,12769,72935,
100,9661,13998,111436,
100,9661,12407,92278,
100,9664,13685,105806,
100,9664,12555,86228,
100,9665,12573,96455,
100,9665,12470,92455,
100,9669,12753,97350,
100,9676,12671,94196,
100,9676,12427,65423,
100,9681,12320,92662,
100,9691,12653,95516,
100,9692,12548,94709,
100,9693,12508,96968,
100,9694,12427,91948,
100,9696,14389,107619,
100,9696,12736,101737,
100,9701,14479,109852,
100,9702,12865,102349,
100,9703,12861,71911,
100,9705,13138,106139,
100,9706,12853,95187,
100,9706,12325,96544,
100,9718,12920,94964,
100,9718,12078,91224,
100,9720,12224,70615,
100,9720,12652,94646,
100,9721,12587,98799,
100,9723,12308,96874,
100,9724,12953,76395,
100,9744,12068,90294,
100,9746,12792,81704,
100,9748,12761,78413,
100,9749,12644,92216,
100,9749,12607,94270,
100,9755,12519,84656,
100,9757,12651,93677,
100,9761,12588,93024,
100,9765,12292,95208,
100,9769,12387,67527,
100,9770,12472,97466,
100,9773,12672,99205,
100,9781,12522,94998,
100,9790,12421,95172,
100,9804,12518,94690,
100,9807,11921,90442,
100,9813,12381,97730,
100,9814,12406,98525,
100,9823,12533,98172,
100,9824,11950,91875,
100,9829,12968,98220,
100,9831,12436,92697,
100,9835,12603,93805,
100,9837,12486,97919,
100,9845,12172,95564,
100,9849,12431,96606,
100,9856,12342,98141,
100,9863,12712,99949,
100,9863,12353,98338,
100,9864,12625,95562,
100,9876,12489,96307,
100,9885,12447,97354,
